{
  "Klebsiella pneumoniae|ceftriaxone": {
    "organism": "Klebsiella pneumoniae",
    "drug": "ceftriaxone",
    "confusion": {
      "TP": 2405,
      "FP": 83,
      "TN": 791,
      "FN": 91
    },
    "n_R": 2496,
    "n_S": 874,
    "sens": 0.9635416666666666,
    "spec": 0.9050343249427918,
    "accuracy": 0.9483679525222551,
    "n_indeterminate": 0,
    "sens_wilson95": [
      0.9554474777222264,
      0.9702111720098205
    ],
    "spec_wilson95": [
      0.8837871458213828,
      0.9227364912448033
    ],
    "powered": true,
    "status": "PROVENANCE_DISJOINT_INDEPENDENT_ACCESSION_LEVEL"
  },
  "Klebsiella pneumoniae|gentamicin": {
    "organism": "Klebsiella pneumoniae",
    "drug": "gentamicin",
    "confusion": {
      "TP": 1881,
      "FP": 108,
      "TN": 2796,
      "FN": 145
    },
    "n_R": 2026,
    "n_S": 2904,
    "sens": 0.9284304047384008,
    "spec": 0.9628099173553719,
    "accuracy": 0.9486815415821501,
    "n_indeterminate": 0,
    "sens_wilson95": [
      0.9163762107754622,
      0.938862936949168
    ],
    "spec_wilson95": [
      0.9552934882306233,
      0.9691034940534186
    ],
    "powered": true,
    "status": "PROVENANCE_DISJOINT_INDEPENDENT_ACCESSION_LEVEL"
  },
  "Klebsiella pneumoniae|ciprofloxacin": {
    "organism": "Klebsiella pneumoniae",
    "drug": "ciprofloxacin",
    "confusion": {
      "TP": 2241,
      "FP": 8,
      "TN": 1407,
      "FN": 729
    },
    "n_R": 2970,
    "n_S": 1415,
    "sens": 0.7545454545454545,
    "spec": 0.9943462897526502,
    "accuracy": 0.831927023945268,
    "n_indeterminate": 0,
    "sens_wilson95": [
      0.738745450900081,
      0.7696878160230798
    ],
    "spec_wilson95": [
      0.9888831682385975,
      0.9971324659238066
    ],
    "powered": true,
    "status": "PROVENANCE_DISJOINT_INDEPENDENT_ACCESSION_LEVEL"
  },
  "Klebsiella pneumoniae|meropenem": {
    "organism": "Klebsiella pneumoniae",
    "drug": "meropenem",
    "confusion": {
      "TP": 1634,
      "FP": 410,
      "TN": 2488,
      "FN": 90
    },
    "n_R": 1724,
    "n_S": 2898,
    "sens": 0.9477958236658933,
    "spec": 0.8585231193926847,
    "accuracy": 0.8918217221981826,
    "n_indeterminate": 0,
    "sens_wilson95": [
      0.9362645505902504,
      0.9573358813011915
    ],
    "spec_wilson95": [
      0.8453590633300998,
      0.8707379145338885
    ],
    "powered": true,
    "status": "PROVENANCE_DISJOINT_INDEPENDENT_ACCESSION_LEVEL"
  },
  "Klebsiella pneumoniae|tetracycline": {
    "organism": "Klebsiella pneumoniae",
    "drug": "tetracycline",
    "confusion": {
      "TP": 774,
      "FP": 19,
      "TN": 917,
      "FN": 285
    },
    "n_R": 1059,
    "n_S": 936,
    "sens": 0.7308781869688386,
    "spec": 0.9797008547008547,
    "accuracy": 0.8476190476190476,
    "n_indeterminate": 0,
    "sens_wilson95": [
      0.7033670332492421,
      0.7567203400714861
    ],
    "spec_wilson95": [
      0.9685133204421084,
      0.9869668370652842
    ],
    "powered": true,
    "status": "PROVENANCE_DISJOINT_INDEPENDENT_ACCESSION_LEVEL"
  },
  "Salmonella enterica|ciprofloxacin": {
    "organism": "Salmonella enterica",
    "drug": "ciprofloxacin",
    "confusion": {
      "TP": 2207,
      "FP": 801,
      "TN": 21737,
      "FN": 227
    },
    "n_R": 2434,
    "n_S": 22538,
    "sens": 0.9067378800328677,
    "spec": 0.9644600230721448,
    "accuracy": 0.9588338939612366,
    "n_indeterminate": 0,
    "sens_wilson95": [
      0.8945354059346357,
      0.9176584626087513
    ],
    "spec_wilson95": [
      0.961962654804474,
      0.9667990839879768
    ],
    "powered": true,
    "status": "PROVENANCE_DISJOINT_INDEPENDENT_ACCESSION_LEVEL"
  },
  "Salmonella enterica|ceftriaxone": {
    "organism": "Salmonella enterica",
    "drug": "ceftriaxone",
    "confusion": {
      "TP": 1551,
      "FP": 38,
      "TN": 21221,
      "FN": 78
    },
    "n_R": 1629,
    "n_S": 21259,
    "sens": 0.9521178637200737,
    "spec": 0.9982125217554918,
    "accuracy": 0.9949318420132821,
    "n_indeterminate": 0,
    "sens_wilson95": [
      0.9406431052226338,
      0.9614652193080493
    ],
    "spec_wilson95": [
      0.9975476414621673,
      0.998697375948864
    ],
    "powered": true,
    "status": "PROVENANCE_DISJOINT_INDEPENDENT_ACCESSION_LEVEL"
  },
  "Salmonella enterica|gentamicin": {
    "organism": "Salmonella enterica",
    "drug": "gentamicin",
    "confusion": {
      "TP": 1023,
      "FP": 231,
      "TN": 24377,
      "FN": 99
    },
    "n_R": 1122,
    "n_S": 24608,
    "sens": 0.9117647058823529,
    "spec": 0.9906128088426528,
    "accuracy": 0.9871745044694908,
    "n_indeterminate": 0,
    "sens_wilson95": [
      0.8937318361462141,
      0.9269875261512885
    ],
    "spec_wilson95": [
      0.9893290299240272,
      0.9917434307405986
    ],
    "powered": true,
    "status": "PROVENANCE_DISJOINT_INDEPENDENT_ACCESSION_LEVEL"
  },
  "Salmonella enterica|tetracycline": {
    "organism": "Salmonella enterica",
    "drug": "tetracycline",
    "confusion": {
      "TP": 6648,
      "FP": 163,
      "TN": 19248,
      "FN": 293
    },
    "n_R": 6941,
    "n_S": 19411,
    "sens": 0.957787062382942,
    "spec": 0.9916026995002833,
    "accuracy": 0.982695810564663,
    "n_indeterminate": 0,
    "sens_wilson95": [
      0.9527979185557696,
      0.9622697483583327
    ],
    "spec_wilson95": [
      0.9902181514743106,
      0.9927927014187669
    ],
    "powered": true,
    "status": "PROVENANCE_DISJOINT_INDEPENDENT_ACCESSION_LEVEL"
  },
  "Escherichia coli|gentamicin": {
    "organism": "Escherichia coli",
    "drug": "gentamicin",
    "confusion": {
      "TP": 1803,
      "FP": 64,
      "TN": 13698,
      "FN": 141
    },
    "n_R": 1944,
    "n_S": 13762,
    "sens": 0.9274691358024691,
    "spec": 0.9953495131521581,
    "accuracy": 0.9869476633133835,
    "n_indeterminate": 0,
    "sens_wilson95": [
      0.9150769003651906,
      0.9381752326624642
    ],
    "spec_wilson95": [
      0.9940663431670976,
      0.9963562111647785
    ],
    "powered": true,
    "status": "PROVENANCE_DISJOINT_INDEPENDENT_ACCESSION_LEVEL"
  },
  "Escherichia coli|ciprofloxacin": {
    "organism": "Escherichia coli",
    "drug": "ciprofloxacin",
    "confusion": {
      "TP": 2567,
      "FP": 302,
      "TN": 12649,
      "FN": 501
    },
    "n_R": 3068,
    "n_S": 12951,
    "sens": 0.8367014341590613,
    "spec": 0.9766813373484673,
    "accuracy": 0.9498720269679756,
    "n_indeterminate": 0,
    "sens_wilson95": [
      0.8232018490375462,
      0.8493588715412753
    ],
    "spec_wilson95": [
      0.9739373692358212,
      0.9791425974076923
    ],
    "powered": true,
    "status": "PROVENANCE_DISJOINT_INDEPENDENT_ACCESSION_LEVEL"
  },
  "Escherichia coli|meropenem": {
    "organism": "Escherichia coli",
    "drug": "meropenem",
    "confusion": {
      "TP": 76,
      "FP": 156,
      "TN": 12514,
      "FN": 22
    },
    "n_R": 98,
    "n_S": 12670,
    "sens": 0.7755102040816326,
    "spec": 0.987687450670876,
    "accuracy": 0.9860588972431078,
    "n_indeterminate": 0,
    "sens_wilson95": [
      0.6834165090713726,
      0.8468186796923545
    ],
    "spec_wilson95": [
      0.9856140127649877,
      0.9894652402375115
    ],
    "powered": true,
    "status": "PROVENANCE_DISJOINT_INDEPENDENT_ACCESSION_LEVEL"
  },
  "Escherichia coli|tetracycline": {
    "organism": "Escherichia coli",
    "drug": "tetracycline",
    "confusion": {
      "TP": 3210,
      "FP": 66,
      "TN": 5047,
      "FN": 100
    },
    "n_R": 3310,
    "n_S": 5113,
    "sens": 0.9697885196374623,
    "spec": 0.9870917269704674,
    "accuracy": 0.980292057461712,
    "n_indeterminate": 0,
    "sens_wilson95": [
      0.963390587107498,
      0.975097239226748
    ],
    "spec_wilson95": [
      0.9836115715073486,
      0.9898404892326205
    ],
    "powered": true,
    "status": "PROVENANCE_DISJOINT_INDEPENDENT_ACCESSION_LEVEL"
  },