{
  "n_isolates": 60,
  "drugs": {
    "rifampicin": {
      "tp": 36,
      "fp": 1,
      "tn": 19,
      "fn": 4,
      "n_R": 40,
      "n_S": 20,
      "sens": 0.9,
      "spec": 0.95,
      "sens_ci95": [
        0.7694792561952611,
        0.9604211124044252
      ],
      "spec_ci95": [
        0.7638641064874331,
        0.9911187805671268
      ],
      "accuracy": 0.9166666666666666
    },
    "isoniazid": {
      "tp": 41,
      "fp": 0,
      "tn": 12,
      "fn": 7,
      "n_R": 48,
      "n_S": 12,
      "sens": 0.8541666666666666,
      "spec": 1.0,
      "sens_ci95": [
        0.7283255295714138,
        0.9275184258620602
      ],
      "spec_ci95": [
        0.7574992425007574,
        1.0
      ],
      "accuracy": 0.8833333333333333
    }
  }
}