{
  "n_isolates": 2845,
  "drugs": {
    "rifampicin": {
      "tp": 1336,
      "fp": 62,
      "tn": 1326,
      "fn": 116,
      "n_R": 1452,
      "n_S": 1388,
      "sens": 0.9201101928374655,
      "spec": 0.9553314121037464,
      "sens_ci95": [
        0.9050303523066914,
        0.9329729029925113
      ],
      "spec_ci95": [
        0.9431493973701156,
        0.9649999207706842
      ],
      "accuracy": 0.9373239436619718
    },
    "isoniazid": {
      "tp": 1444,
      "fp": 46,
      "tn": 1153,
      "fn": 199,
      "n_R": 1643,
      "n_S": 1199,
      "sens": 0.8788800973828362,
      "spec": 0.9616346955796498,
      "sens_ci95": [
        0.8622134559752964,
        0.8937791057865633
      ],
      "spec_ci95": [
        0.9492057613407732,
        0.9711149192874993
      ],
      "accuracy": 0.9137931034482759
    }
  }
}